[{"id":6108021,"title":"Building Company 1","order":0,"templateKey":null,"customTemplate":false,"customTemplateFilename":null,"pageLinks":[],"dateCreated":"2023-12-21T07:54:38.747","dateUpdated":"2023-12-21T08:19:40.485Z","folderId":null,"pageName":"Building Company 1_6108021","sectionCount":10,"status":2},{"id":5931390,"title":"Blog Template","order":1,"templateKey":"blog","customTemplate":false,"customTemplateFilename":null,"pageLinks":[],"dateCreated":"2023-12-21T07:54:46.270Z","dateUpdated":"2023-12-21T07:54:47.384Z","folderId":null,"pageName":"Blog Template","sectionCount":1,"status":2},{"id":74161338,"title":"Post Template","order":2,"templateKey":"post","customTemplate":false,"customTemplateFilename":null,"pageLinks":[],"dateCreated":"2023-12-21T07:54:46.405Z","dateUpdated":"2023-12-21T07:54:47.387Z","folderId":null,"pageName":"Post Template","sectionCount":1,"status":2},{"id":731721284,"title":"Product List Template","order":3,"templateKey":"products","customTemplate":false,"customTemplateFilename":null,"pageLinks":[],"dateCreated":"2023-12-21T07:54:46.533Z","dateUpdated":"2023-12-21T07:54:47.388Z","folderId":null,"pageName":"Product List Template","sectionCount":1,"status":2},{"id":373625055,"title":"Product Details Template","order":4,"templateKey":"product","customTemplate":false,"customTemplateFilename":null,"pageLinks":[],"dateCreated":"2023-12-21T07:54:46.657Z","dateUpdated":"2023-12-21T07:54:47.388Z","folderId":null,"pageName":"Product Details Template","sectionCount":1,"status":2},{"id":77961580,"title":"Shopping Cart Template","order":5,"templateKey":"cart","customTemplate":false,"customTemplateFilename":null,"pageLinks":[],"dateCreated":"2023-12-21T07:54:46.774Z","dateUpdated":"2023-12-21T07:54:47.388Z","folderId":null,"pageName":"Shopping Cart Template","sectionCount":1,"status":2},{"id":156585895,"title":"Login Template","order":7,"templateKey":"login","customTemplate":false,"customTemplateFilename":null,"pageLinks":[],"dateCreated":"2023-12-21T07:54:46.906Z","dateUpdated":"2023-12-21T07:54:47.389Z","folderId":null,"pageName":"Login Template","sectionCount":1,"status":2},{"id":1314818189,"title":"Password Template","order":8,"templateKey":"password","customTemplate":false,"customTemplateFilename":null,"pageLinks":[],"dateCreated":"2023-12-21T07:54:46.969Z","dateUpdated":"2023-12-21T07:54:47.389Z","folderId":null,"pageName":"Password Template","sectionCount":1,"status":2},{"id":158924489,"title":"404 Not Found Template","order":9,"templateKey":"404","customTemplate":false,"customTemplateFilename":null,"pageLinks":[],"dateCreated":"2023-12-21T07:54:47.029Z","dateUpdated":"2023-12-21T07:54:47.389Z","folderId":null,"pageName":"404 Not Found Template","sectionCount":1,"status":2},{"id":255435629,"title":"Thank You Template","order":10,"templateKey":"ThankYou","customTemplate":false,"customTemplateFilename":null,"pageLinks":[],"dateCreated":"2023-12-21T07:54:47.084Z","dateUpdated":"2023-12-21T07:54:47.389Z","folderId":null,"pageName":"Thank You Template","sectionCount":1,"status":2}]